{
  "version": 1,
  "author": "Uri Shaked",
  "editor": "wokwi",
  "parts": [
    {
      "type": "wokwi-esp32-devkit-v1",
      "id": "uno",
      "top": 96.55,
      "left": -34.59,
      "rotate": 90,
      "attrs": {}
    },
    { "type": "wokwi-pir-motion-sensor", "id": "pir1", "top": -42, "left": 25.81, "attrs": {} },
    { "type": "wokwi-led", "id": "led1", "top": -9, "left": -32.67, "attrs": { "color": "red" } },
    {
      "type": "wokwi-resistor",
      "id": "r1",
      "top": 79.53,
      "left": -34.03,
      "rotate": 90,
      "attrs": {}
    }
  ],
  "connections": [
    [ "pir1:VCC", "uno:5V", "red", [ "v19", "h-175", "v261", "h181" ] ],
    [ "pir1:OUT", "uno:2", "green", [ "v37", "h68" ] ],
    [ "uno:13", "led1:A", "green", [ "v-62", "h-47" ] ],
    [ "led1:A", "r1:1", "green", [ "v0" ] ],
    [ "r1:2", "uno:D12", "green", [ "h0" ] ],
    [ "uno:GND.2", "led1:C", "black", [ "v0" ] ],
    [ "uno:GND.2", "pir1:GND", "black", [ "v-20.37", "h112.16" ] ],
    [ "pir1:VCC", "uno:3V3", "red", [ "v89.07", "h69.55", "v122.11", "h-167.9" ] ],
    [ "uno:D14", "pir1:OUT", "green", [ "v-8.01", "h71.6" ] ]
  ]
}